channel_x_1,channel_y_2,channel_z_3,channel_z_4
1.2863928939386786e-05,6.894502977894345e-06,1.0164483335453068e-05,1.5620909399798714e-05
